<?xml version="1.0" encoding="utf-8"?>
<gradient android:angle="0.0" android:type="linear" android:startX="41.0" android:startY="42.0" android:endX="41.0" android:endY="105.51"
  xmlns:android="http://schemas.android.com/apk/res/android" xmlns:aapt="http://schemas.android.com/aapt">
    <item android:color="#ffffffff" android:offset="0.0" />
    <item android:color="#fffffdfc" android:offset="0.22" />
    <item android:color="#fffff6f4" android:offset="0.37" />
    <item android:color="#ffffebe5" android:offset="0.49" />
    <item android:color="#ffffdbd0" android:offset="0.6" />
    <item android:color="#ffffc7b4" android:offset="0.71" />
    <item android:color="#ffffae93" android:offset="0.8" />
    <item android:color="#ffff906b" android:offset="0.9" />
    <item android:color="#ffff6e3e" android:offset="0.98" />
    <item android:color="#ffff6633" android:offset="1.0" />
</gradient>
