<?xml version="1.0" encoding="utf-8"?>
<inset android:insetLeft="@dimen/abc_control_inset_material" android:insetRight="@dimen/abc_control_inset_material" android:insetTop="@dimen/abc_control_inset_material" android:insetBottom="@dimen/abc_control_inset_material"
  xmlns:android="http://schemas.android.com/apk/res/android">
    <selector>
        <item android:state_checked="false" android:state_pressed="false">
            <layer-list>
                <item android:drawable="@null" />
                <item android:drawable="@null" />
            </layer-list>
        </item>
        <item>
            <layer-list>
                <item android:drawable="@null" />
                <item android:drawable="@null" />
            </layer-list>
        </item>
    </selector>
</inset>
