<?xml version="1.0" encoding="utf-8"?>
<ripple android:color="@color/transparent"
  xmlns:android="http://schemas.android.com/apk/res/android">
    <item>
        <shape android:shape="rectangle">
            <stroke android:width="1.0dip" android:color="#fff4f4f4" />
            <corners android:radius="27.0dip" />
        </shape>
    </item>
    <item android:id="@android:id/mask">
        <shape android:shape="rectangle">
            <corners android:radius="27.0dip" />
            <solid android:color="@color/transparent" />
        </shape>
    </item>
</ripple>
