<?xml version="1.0" encoding="utf-8"?>
<selector
  xmlns:android="http://schemas.android.com/apk/res/android">
    <item>
        <layer-list>
            <item>
                <shape>
                    <solid android:color="#fff8f9fa" />
                    <corners android:radius="0.0dip" />
                    <padding android:left="10.0dip" android:right="10.0dip" />
                </shape>
            </item>
            <item>
                <bitmap android:gravity="center|right" android:src="@null" />
            </item>
        </layer-list>
    </item>
</selector>
