<?xml version="1.0" encoding="utf-8"?>
<layer-list
  xmlns:android="http://schemas.android.com/apk/res/android">
    <item>
        <shape>
            <padding android:left="0.0dip" android:top="4.0dip" android:right="0.0dip" android:bottom="0.0dip" />
            <corners android:topLeftRadius="20.0dip" android:topRightRadius="20.0dip" android:bottomLeftRadius="0.0dip" android:bottomRightRadius="0.0dip" />
            <solid android:color="#01000000" />
        </shape>
    </item>
    <item>
        <shape>
            <padding android:left="0.0dip" android:top="1.5dip" android:right="0.0dip" android:bottom="0.0dip" />
            <corners android:topLeftRadius="20.0dip" android:topRightRadius="20.0dip" android:bottomLeftRadius="0.0dip" android:bottomRightRadius="0.0dip" />
            <solid android:color="#07000000" />
        </shape>
    </item>
    <item>
        <shape>
            <padding android:left="0.0dip" android:top="0.5dip" android:right="0.0dip" android:bottom="0.0dip" />
            <corners android:topLeftRadius="20.0dip" android:topRightRadius="20.0dip" android:bottomLeftRadius="0.0dip" android:bottomRightRadius="0.0dip" />
            <solid android:color="#10000000" />
        </shape>
    </item>
    <item>
        <shape>
            <solid android:color="#fff6f6f6" />
            <corners android:topLeftRadius="20.0dip" android:topRightRadius="20.0dip" android:bottomLeftRadius="0.0dip" android:bottomRightRadius="0.0dip" />
        </shape>
    </item>
</layer-list>
