<?xml version="1.0" encoding="utf-8"?>
<layer-list
  xmlns:android="http://schemas.android.com/apk/res/android">
    <item android:bottom="40.0dip">
        <shape android:shape="rectangle">
            <corners android:topLeftRadius="9.0dip" android:topRightRadius="9.0dip" android:bottomLeftRadius="0.0dip" android:bottomRightRadius="0.0dip" />
            <gradient android:startColor="#ffcccccc" android:endColor="@color/transparent" android:angle="90.0" />
        </shape>
    </item>
    <item android:top="6.0dip">
        <shape>
            <solid android:color="#fffff0e8" />
            <corners android:topLeftRadius="9.0dip" android:topRightRadius="9.0dip" android:bottomLeftRadius="0.0dip" android:bottomRightRadius="0.0dip" />
        </shape>
    </item>
</layer-list>
