<?xml version="1.0" encoding="utf-8"?>
<layer-list
  xmlns:android="http://schemas.android.com/apk/res/android">
    <item>
        <shape>
            <solid android:color="#09000029" />
            <corners android:radius="24.0dip" />
        </shape>
    </item>
    <item android:left="1.0dip" android:top="1.0dip" android:right="1.0dip" android:bottom="3.0dip">
        <shape>
            <solid android:color="@android:color/white" />
            <corners android:radius="24.0dip" />
        </shape>
    </item>
</layer-list>
