<?xml version="1.0" encoding="utf-8"?>
<layer-list
  xmlns:android="http://schemas.android.com/apk/res/android">
    <item>
        <shape android:shape="oval">
            <padding android:left="1.0dip" android:top="1.0dip" android:right="1.0dip" android:bottom="1.0dip" />
            <solid android:color="#00cccccc" />
            <corners android:radius="3.0dip" />
        </shape>
    </item>
    <item>
        <shape android:shape="oval">
            <padding android:left="1.0dip" android:top="1.0dip" android:right="1.0dip" android:bottom="1.0dip" />
            <solid android:color="#10cccccc" />
            <corners android:radius="3.0dip" />
        </shape>
    </item>
    <item>
        <shape android:shape="oval">
            <padding android:left="1.0dip" android:top="1.0dip" android:right="1.0dip" android:bottom="1.0dip" />
            <solid android:color="#20cccccc" />
            <corners android:radius="3.0dip" />
        </shape>
    </item>
    <item>
        <shape android:shape="oval">
            <padding android:left="1.0dip" android:top="1.0dip" android:right="1.0dip" android:bottom="1.0dip" />
            <solid android:color="#30cccccc" />
            <corners android:radius="3.0dip" />
        </shape>
    </item>
    <item>
        <shape android:shape="oval">
            <padding android:left="1.0dip" android:top="1.0dip" android:right="1.0dip" android:bottom="1.0dip" />
            <solid android:color="#50cccccc" />
            <corners android:radius="3.0dip" />
        </shape>
    </item>
    <item>
        <shape android:shape="oval">
            <solid android:color="@android:color/white" />
            <corners android:radius="3.0dip" />
        </shape>
    </item>
</layer-list>
