<?xml version="1.0" encoding="utf-8"?>
<layer-list
  xmlns:android="http://schemas.android.com/apk/res/android">
    <item>
        <shape android:shape="oval">
            <padding android:left="0.5dip" android:top="0.5dip" android:right="0.5dip" android:bottom="0.5dip" />
            <solid android:color="#00cccccc" />
            <corners android:radius="3.0dip" />
            <gradient android:startColor="#ffffffff" android:endColor="#00cccccc" android:angle="270.0" android:centerColor="#00cccccc" />
        </shape>
    </item>
    <item>
        <shape android:shape="oval">
            <padding android:left="0.5dip" android:top="0.5dip" android:right="0.5dip" android:bottom="0.5dip" />
            <solid android:color="#10cccccc" />
            <corners android:radius="3.0dip" />
        </shape>
    </item>
    <item>
        <shape android:shape="oval">
            <padding android:left="0.5dip" android:top="0.5dip" android:right="0.5dip" android:bottom="0.5dip" />
            <solid android:color="#20cccccc" />
            <corners android:radius="3.0dip" />
            <gradient android:startColor="#ffffffff" android:endColor="#20cccccc" android:angle="270.0" android:centerColor="#ffffffff" />
        </shape>
    </item>
    <item>
        <shape android:shape="oval">
            <padding android:left="0.5dip" android:top="0.5dip" android:right="0.5dip" android:bottom="0.5dip" />
            <solid android:color="#30cccccc" />
            <corners android:radius="3.0dip" />
            <gradient android:startColor="#ffffffff" android:endColor="#30cccccc" android:angle="270.0" android:centerColor="#ffffffff" />
        </shape>
    </item>
    <item>
        <shape android:shape="oval">
            <padding android:left="0.5dip" android:top="0.5dip" android:right="0.5dip" android:bottom="0.5dip" />
            <solid android:color="#50cccccc" />
            <corners android:radius="3.0dip" />
            <gradient android:startColor="#ffffffff" android:endColor="#ffcccccc" android:angle="270.0" android:centerColor="#ffffffff" />
        </shape>
    </item>
    <item>
        <shape android:shape="oval">
            <solid android:color="@color/colorPrimary" />
            <corners android:radius="3.0dip" />
        </shape>
    </item>
</layer-list>
