<?xml version="1.0" encoding="utf-8"?>
<selector
  xmlns:android="http://schemas.android.com/apk/res/android">
    <item android:state_pressed="true">
        <shape android:shape="rectangle">
            <corners android:radius="2.0dip" />
            <solid android:color="#ff999999" />
        </shape>
    </item>
    <item>
        <shape android:shape="rectangle">
            <corners android:radius="2.0dip" />
            <solid android:color="#33999999" />
        </shape>
    </item>
</selector>
