<?xml version="1.0" encoding="utf-8"?>
<layer-list
  xmlns:android="http://schemas.android.com/apk/res/android">
    <item android:id="@android:id/background">
        <shape>
            <corners android:radius="0.0dip" />
            <solid android:color="#00ffffff" />
        </shape>
    </item>
    <item android:id="@android:id/secondaryProgress">
        <clip>
            <shape>
                <corners android:radius="0.0dip" />
                <solid android:color="@color/colorAccent" />
            </shape>
        </clip>
        <color android:color="@color/colorAccent" />
    </item>
    <item android:id="@android:id/progress">
        <clip>
            <shape>
                <corners android:radius="0.0dip" />
                <solid android:color="@color/colorAccent" />
            </shape>
        </clip>
        <color android:color="@color/colorAccent" />
    </item>
</layer-list>
