<?xml version="1.0" encoding="utf-8"?>
<animation-list android:oneshot="false"
  xmlns:android="http://schemas.android.com/apk/res/android">
    <item android:duration="55" android:drawable="@drawable/sequence0001" />
    <item android:duration="55" android:drawable="@drawable/sequence0002" />
    <item android:duration="55" android:drawable="@drawable/sequence0003" />
    <item android:duration="55" android:drawable="@drawable/sequence0004" />
    <item android:duration="55" android:drawable="@drawable/sequence0005" />
    <item android:duration="55" android:drawable="@drawable/sequence0006" />
    <item android:duration="55" android:drawable="@drawable/sequence0007" />
    <item android:duration="55" android:drawable="@drawable/sequence0008" />
    <item android:duration="55" android:drawable="@drawable/sequence0009" />
    <item android:duration="55" android:drawable="@drawable/sequence0010" />
    <item android:duration="55" android:drawable="@drawable/sequence0011" />
    <item android:duration="55" android:drawable="@drawable/sequence0012" />
    <item android:duration="55" android:drawable="@drawable/sequence0013" />
    <item android:duration="55" android:drawable="@drawable/sequence0014" />
    <item android:duration="55" android:drawable="@drawable/sequence0015" />
    <item android:duration="55" android:drawable="@drawable/sequence0016" />
    <item android:duration="55" android:drawable="@drawable/sequence0017" />
    <item android:duration="55" android:drawable="@drawable/sequence0018" />
</animation-list>
