<?xml version="1.0" encoding="utf-8"?>
<layer-list
  xmlns:android="http://schemas.android.com/apk/res/android">
    <item>
        <shape android:shape="rectangle">
            <solid android:color="#80000000" />
            <corners android:radius="10.0dip" />
        </shape>
    </item>
    <item>
        <inset>
            <shape android:shape="rectangle">
                <corners android:radius="10.0dip" />
                <stroke android:width="1.0dip" android:color="#1a000000" />
            </shape>
        </inset>
    </item>
</layer-list>
