<?xml version="1.0" encoding="utf-8"?>
<selector
  xmlns:android="http://schemas.android.com/apk/res/android">
    <item android:state_pressed="true">
        <shape android:shape="oval">
            <stroke android:width="4.0dip" android:color="#aaffffff" />
            <size android:height="64.0dip" android:width="64.0dip" />
        </shape>
    </item>
    <item android:state_focused="true">
        <shape android:shape="oval">
            <stroke android:width="4.0dip" android:color="#ddffffff" />
            <size android:height="64.0dip" android:width="64.0dip" />
        </shape>
    </item>
    <item>
        <shape android:shape="oval">
            <stroke android:width="4.0dip" android:color="#ffffffff" />
            <size android:height="64.0dip" android:width="64.0dip" />
        </shape>
    </item>
</selector>
