<?xml version="1.0" encoding="utf-8"?>
<vector android:height="24.0dip" android:width="24.0dip" android:viewportWidth="24.0" android:viewportHeight="24.0"
  xmlns:android="http://schemas.android.com/apk/res/android">
    <group>
        <clip-path android:pathData="M0,0h24v24h-24z" />
        <path android:fillColor="#00000000" android:pathData="M8.923,10.754V13.756" android:strokeColor="#ffffffff" android:strokeWidth="1.5" android:strokeLineCap="round" android:strokeLineJoin="round" />
        <path android:fillColor="#00000000" android:pathData="M15.077,9.754V13.756" android:strokeColor="#ffffffff" android:strokeWidth="1.5" android:strokeLineCap="round" android:strokeLineJoin="round" />
        <path android:fillColor="#00000000" android:pathData="M12,7.753V13.756" android:strokeColor="#ffffffff" android:strokeWidth="1.5" android:strokeLineCap="round" android:strokeLineJoin="round" />
        <path android:fillColor="#ff171717" android:pathData="M3.5,3.25C2.81,3.25 2.25,3.81 2.25,4.5V16.5C2.25,17.187 2.804,17.75 3.498,17.75H10.067L11.344,19.962C11.377,20.022 11.419,20.079 11.469,20.129C11.535,20.194 11.61,20.245 11.692,20.282C11.791,20.327 11.896,20.348 12,20.348C12.104,20.348 12.209,20.327 12.308,20.282C12.39,20.245 12.465,20.194 12.531,20.129C12.581,20.079 12.623,20.022 12.656,19.962L13.933,17.75H20.5C21.191,17.75 21.75,17.19 21.75,16.5V4.5C21.75,3.81 21.19,3.25 20.5,3.25H3.5Z" android:fillType="evenOdd" />
        <path android:fillColor="#ffffffff" android:pathData="M8.923,10.004C9.337,10.004 9.673,10.34 9.673,10.754V13.756C9.673,14.17 9.337,14.506 8.923,14.506C8.509,14.506 8.173,14.17 8.173,13.756V10.754C8.173,10.34 8.509,10.004 8.923,10.004Z" android:fillType="evenOdd" />
        <path android:fillColor="#ffffffff" android:pathData="M15.077,9.004C15.491,9.004 15.827,9.34 15.827,9.754V13.756C15.827,14.17 15.491,14.506 15.077,14.506C14.663,14.506 14.327,14.17 14.327,13.756V9.754C14.327,9.34 14.663,9.004 15.077,9.004Z" android:fillType="evenOdd" />
        <path android:fillColor="#ffffffff" android:pathData="M12,7.002C12.414,7.002 12.75,7.338 12.75,7.752V13.756C12.75,14.17 12.414,14.506 12,14.506C11.586,14.506 11.25,14.17 11.25,13.756V7.752C11.25,7.338 11.586,7.002 12,7.002Z" android:fillType="evenOdd" />
    </group>
</vector>
