<?xml version="1.0" encoding="utf-8"?>
<layer-list
  xmlns:android="http://schemas.android.com/apk/res/android">
    <item>
        <shape>
            <solid android:color="@color/bg_gray_300" />
            <corners android:topLeftRadius="8.0dip" android:bottomLeftRadius="8.0dip" />
        </shape>
    </item>
    <item android:left="1.0dip" android:top="1.0dip" android:bottom="1.0dip">
        <shape>
            <solid android:color="@color/white" />
            <corners android:topLeftRadius="8.0dip" android:bottomLeftRadius="8.0dip" />
        </shape>
    </item>
</layer-list>
